TWENTY, 4
ALONE, 8
LONELY, 4
BACHELOR, 7
SOMETHING/ONE, 1
ALWAYS, 4
WAIT-A-MINUTE, 2
ONE, 6
A, 4
LITTLE-BIT, 4
ABANDON, 3
THROW-AWAY, 1
ABORTION, 4
ABOVE, 4
EXCEED, 4
A-LEVEL-ABOVE, 2
ADULT-TALL, 8
CHILD, 8
GROW-UP, 2
MAXIMUM, 2
MORE-THAN, 1
LESS-THAN, 5
THAN, 2
UNDER, 3
BASEMENT, 3
UPPER, 2
BELOW, 2
ELEMENTARY, 4
ACCEPT, 5
ACCIDENT, 7
CRASH, 4
ACCOMPANY, 2
TOGETHER/GO-STEADY, 8
GO-STEADY, 1
BLAME, 10
OVER/AFTER, 8
ACT, 8
AGGRESSIVE, 5
ADD, 4
TOTAL, 7
ENTER, 9
ADMIT, 3
ADVISE/INFLUENCE, 12
AFRAID, 12
ns-AFRICA, 2
AFTERNOON, 7
ALL-AFTERNOON, 1
AGAIN, 11
OFTEN, 3
THOUSAND, 1
MILLION, 4
BILLION, 4
OLD, 8
AGREE, 5
THINK+AGREE, 1
AIR, 1
AIRPLANE, 8
FLY-BY-PLANE, 7
ALARM, 6
ALCOHOL, 4
SARCASM, 5
ALL, 6
#ALL, 6
ALL-DAY, 4
RUN-OUT, 5
ALL-RIGHT, 6
ALLIGATOR, 4
ALLOW, 8
PERMIT, 6
A-LOT, 9
ns-AMERICA, 4
AMONG, 2
ns-nat-AMSTERDAM, 3
ANALYZE, 4
GENERATION, 6
GENERATIONS-AGO, 3
HEREDITY, 2
PASS-DOWN, 2
AND, 5
OTHER, 4
ANSWER, 11
ORDER, 2
REPORT, 1
ANY, 6
DEAF-APPLAUSE, 4
APPLE, 6
APPLY, 6
APPOINT, 4
APPOINTMENT, 11
LATCH, 2
LOCK, 4
REGULAR, 7
APPROVE, 2
STAMP-SEAL, 2
APPROVE/VETO, 1
BACKSTAB, 1
SHOOT-ARROW, 1
GUITAR, 12
ns-ARIZONA, 3
ARRIVE, 8
ART/DESIGN, 16
ARTICLE, 5
CHAPTER, 2
ns-ASIA, 1
SOCIAL/INTERACT, 3
ns-ATHENS, 2
ns-ATLANTA, 6
GO, 10
PAY-ATTENTION, 4
ATTITUDE, 5
YOM-KIPPUR, 2
AUDIENCE, 2
AUDIOLOGY, 3
AUNT, 5
UNCLE, 4
ns-AUSTRALIA, 3
ns-nat-AUSTRALIA, 4
ns-nat-AUSTRIA, 2
WAKE-UP, 4
SURPRISE, 3
ASTONISHED, 1
AMAZED, 1
GO-AWAY, 8
AWKWARD, 6
B, 4
BABY, 4
KEEP-IN-MIND, 4
PAST, 12
BACKGROUND, 4
BACKPACK, 3
BACON, 3
BADGE, 4
PIN, 2
BALD, 3
BALD+ALL-GONE, 1
BALL, 4
BALLOON, 4
ns-BALTIMORE, 5
BANANA, 6
BANDAID, 4
ns-BANGLADESH, 1
BAPTIST, 4
BAR, 7
BARK, 3
BASEBALL, 5
BASKET, 3
BAG, 1
TRASH/BAG, 6
EPISCOPAL, 2
BASKETBALL, 7
BAT, 4
BATH, 4
BATHING-SUIT, 2
BRA+UNDERPANTS, 5
TOILET, 6
RATTLE, 1
NEUTRAL, 1
BAWL-OUT, 6
CARE, 8
KEEP, 7
SUPERVISE, 3
BEACH, 3
OCEAN, 2
WATER+OCEAN, 2
BEAR, 4
HIT, 9
ASSAULT, 2
ABUSE, 7
BECAUSE, 4
BECOME, 6
BED, 6
BEG, 4
ns-nat-BEIJING, 2
ns-fs-BEIJING, 1
ns-BELGIUM, 2
BELL, 2
BELONG, 8
DISCONNECT, 9
COOPERATE/UNITE, 6
RELATIONSHIP, 2
CHAIN/OLYMPICS, 6
BENEFIT, 3
BETTER, 4
BEST, 4
BICYCLE, 5
BIG, 12
BIG-HEADED, 8
LITTLE, 1
LOSE-WEIGHT, 2
BIRD, 8
DUCK, 2
EAGLE, 4
BIRTHDAY, 6
BITE, 5
BLACK, 5
BLANKET, 9
BLESS, 4
BLIND, 2
BLINDS, 1
BLINK/WINK, 6
BLOND, 4
HAIR_2+BLOND, 4
BLOOD, 4
BLOSSOM, 4
BLOW-NOSE, 4
HEAD-COLD, 8
BLOW-UP, 3
BLUE, 8
BOAT, 4
GO-BY-BOAT, 5
BODY, 4
PHYSICAL, 2
BOIL, 4
SIMMER, 4
ns-nat-BOLIVIA, 2
BOMB, 3
ns-nat-BOMBAY, 2
BORE, 6
BORN, 5
BIRTH, 1
BORROW, 5
LEND, 6
MOOCH, 1
BOSS, 10
COACH, 4
ns-BOSTON, 9
BOTH, 4
BOTTLE, 6
WINE-BOTTLE, 2
DRIBBLE, 3
BOWLING, 6
BOWTIE, 10
BOY, 7
BRA, 4
BRACELET, 3
WATCH, 3
BRAG, 4
BRAKE, 5
BRAWL, 4
ns-nat-BRAZIL, 6
BREAD, 6
RECORD/BREAK-RECORD, 4
BREAK, 4
BREAK-DOWN, 6
BREAK-DOWN-BUILDING, 1
DECONSTRUCT, 2
BREASTS, 2
BREATHE, 4
BRIDGE, 6
BRING, 4
CARRY, 5
BROKE, 4
BROOM, 4
MOP, 7
BROWN, 6
BEER, 6
BLUSH-BRUSH, 4
BUG, 4
LOUSY, 6
BUILD, 7
BUILDING, 7
COMFORTABLE, 4
ns-BULGARIA, 4
BULL, 4
BURY, 4
BUSINESS, 5
BUSY, 5
BUT, 5
BUTTER, 5
BUTTERFLY, 4
BUTTON, 4
C, 4
CABINET, 6
CAKE, 3
SHEET-CAKE, 3
CAMERA, 4
TAKE-PICTURE, 1
CAN, 8
ns-nat-CANADA, 4
CANDLE, 4
CUTE, 15
SUGAR/SWEET, 2
CANE, 8
PADDLE/CANOE, 8
CANNOT, 6
GOVERNMENT, 12
FEDERAL, 4
POLITICS, 2
PEA-BRAIN, 4
NAB, 7
CAR, 8
DRIVE, 5
CARELESS, 2
CARPENTER, 2
HAMMER+AGENT, 1
CARROT, 1
CAT, 8
CATCH-BALL, 3
CATCH, 4
TO-FOOL, 6
CATERPILLAR, 6
CATHOLIC, 3
CAUSE, 4
CELEBRATE, 6
CELEBRATE+IX-honorific:upward, 2
CENTER, 6
MIDDLE, 4
ns-CENTRAL-AMERICA, 1
CENTER+ns-AMERICA, 2
CERTIFY, 8
CHALK, 3
CHALLENGE, 4
COMPETITION, 8
GAME, 6
DANGER, 6
DARE, 4
CHAMP, 4
CHANCE, 4
BET, 4
CHANGE, 3
ADAPT, 1
TRANSLATE, 2
CHANNEL, 4
PRICE, 6
ns-CHARLOTTE, 2
CHEAP, 6
CHEAT, 5
CHECK, 5
CHECK_LIST, 3
CHECKERS, 1
RED+BLACK+CHECKERS, 1
fs-CHECKERS, 1
CHECKING-ACCOUNT, 3
PAPER-CHECK/CARD, 5
BEANS, 2
CHEESE, 6
CHEST, 3
GUM, 4
ns-CHICAGO, 6
ns-nat-CHILE, 1
ns-fs-CHILE, 1
ns-CHINA, 2
ns-nat-CHINA, 4
CHOCOLATE, 4
OPTION, 7
CHOKE, 7
CHRISTMAS, 6
CHURCH, 6
TEMPLE, 2
MOSQUE, 2
CIGARETTE, 4
CURSE, 4
CIGAR, 4
CIRCLE, 3
CIRCUMCISE, 3
APPLAUSE, 9
NICE/CLEAN, 11
CLEVER, 4
SICK/SILLY, 2
TRIM-HEDGE, 1
CLIP-NAILS, 7
NEAR, 7
CLOSE, 4
NEXT, 2
FROM-NOW-ON, 4
GET-CLOSE, 4
NEXT-TO, 4
BEFORE, 3
PROCEED, 9
PROGRESS, 4
GATE, 4
UP-AHEAD, 1
SHUT, 4
DRESS/CLOTHES, 19
UNIFORM, 2
COAT, 6
COCONUT, 3
COINS/CHANGE, 4
ns-COKE, 5
ns-fs-COKE, 1
COLD, 8
COLLECT, 14
CREAM, 4
COLOR, 4
ns-COLORADO, 1
ns-COLOR+fs-DO, 3
ns-COLUMBIA, 2
COMB, 7
HAIRBRUSH, 4
COME-ON, 5
COME, 11
COMMUNICATE, 6
MISCOMMUNICATE, 1
COMMUNICATE+MISCOMMUNICATE, 2
COMMUNIST, 3
CITY/COMMUNITY, 10
COMMUTE, 4
COMPUTER, 7
CONCEPT, 5
WEEKEND, 10
RESULT, 2
EDGE/CLIFF, 4
END, 1
CONCLUSION, 1
CONDUCT-MUSIC, 3
CONDUCTOR, 2
CONFRONT, 4
CONGRATULATIONS, 4
BEAT, 2
CONTINUE, 8
CONTACT, 4
CONTACT-LENSES, 4
INTERNET, 1
CONVINCE, 7
CHAT, 10
ENCOURAGE, 6
COOKIE, 4
COPY, 12
CORN, 2
CONFLICT/INTERSECTION, 9
CORNER, 7
CANCEL/CRITICIZE, 12
DISCRIMINATE, 4
CORRESPOND, 3
ns-COSTA-RICA, 2
COUGH, 2
COMPLAIN/OBJECT, 7
COUNT, 6
COUNTRY, 9
FOREIGN, 3
EITHER, 9
COUSIN, 5
MALE-COUSIN, 4
FEMALE-COUSIN, 6
COVER, 5
CRACKER/PASSOVER, 4
CRACK, 4
CREDIT-CARD, 4
CRIPPLE, 4
CROSS, 3
CROWDED, 2
PCL:5-C-L"crowd", 2
CROWN, 4
HELMET, 7
CROWN+DCL:4"coronet", 1
CRUSH, 5
GRIEF, 3
TWIST, 3
CRY, 6
ns-nat-CUBA, 3
CULTURE, 4
SITUATION, 2
ENVIRONMENT, 4
MELT/SOLVE, 3
SMOOTH, 6
GROUND, 10
CURIOUS, 4
STUCK, 2
CURLY, 4
CURRICULUM, 3
CURTAIN, 4
CURVE, 4
CUSHION, 4
CUT, 4
CYCLE, 4
D, 4
ns-DALLAS, 3
ns-fs-DALLAS, 2
DANCE, 6
EXPERT, 11
SOON, 3
DARK, 8
OBSCURE, 5
DARTS, 4
DASH-LINES, 3
DATE/DESSERT, 10
DAUGHTER, 4
GIRL+BABY, 3
DAY, 5
COLLAPSE, 2
DEAF, 7
DISCUSS, 10
DECIDE, 8
COURT, 9
DECORATE, 4
DEER, 2
MOOSE, 2
COW, 6
HORSE, 4
DEVIL/MISCHIEVOUS, 12
STUBBORN, 2
DONKEY, 2
BISON/BUFFALO, 4
TIGER, 1
LION, 4
DEFEND, 6
BIND/TIE-UP, 1
HUG, 4
PREVENT, 3
REQUIRE, 3
DEMOCRAT, 4
REPUBLICAN, 2
SHOW, 13
ns-nat-DENMARK, 4
DEPEND, 6
DEPOSIT, 7
DESTROY, 5
ns-DETROIT, 6
DEVELOP, 10
DIAL-ROTARY, 1
DIALOG, 4
INTERVIEW, 4
DIE, 4
DIM, 4
DIMPLE, 5
PIMPLES, 1
CANDY, 5
DINNER, 3
EAT+NIGHT, 6
DINOSAUR, 5
DIPLOMA, 9
DIRECT, 4
EXPLAIN, 7
MANAGE/CONTROL, 5
DIRTY, 6
FILTHY, 5
PIG, 2
DISAGREE, 1
THINK+OPPOSITE, 5
DISAPPEAR, 5
POP-UP, 4
ESCAPE, 4
DISAPPOINT, 10
SERIOUS, 2
CHIN, 4
BITTER, 2
DISCIPLINE, 4
DISGUST, 6
EXCUSE, 16
DISMISS, 9
PROTEST, 6
DISTRIBUTE, 3
DIVE, 4
DIVE-OFF-BOARD, 5
DIVIDE, 4
QUIET, 4
DIVORCE, 6
DIZZY, 4
DO, 4
ACTION, 9
BEHAVIOR, 6
DO-DO, 4
DOCTOR, 10
NURSE, 4
PSYCHIATRY, 2
DOLLAR, 7
ns-nat-DOMINICAN-REPUBLIC, 6
DON'T, 3
NOT-CARE, 4
NOT-MIND, 8
DOORBELL, 4
TWICE, 4
DOUBT, 6
DONUT, 4
DOWN, 9
DEEP, 4
DREAM, 4
DRESSER, 7
DRILL, 4
DRINK, 11
DRIP, 11
DROP, 7
DROWN, 6
MEDICINE, 9
TAKE-ADVANTAGE, 3
DRUMS, 4
XYLOPHONE, 2
DRUNK, 7
DRY, 9
DRY-CEREAL, 2
ns-nat-DUBLIN, 1
DURING/WHILE, 2
PARALLEL, 3
DYE, 3
E, 3
E-MAIL, 2
EACH, 3
MOTIVATE, 2
EAR_2/BIRTHDAY, 5
EARMUFF, 4
EARRING, 4
EARTH, 6
EAST, 6
EAT, 15
ECONOMIC, 4
FINANCIAL, 4
ns-ECUADOR, 1
EGO, 3
ns-EGYPT, 8
ns-EL-SALVADOR, 3
ELBOW, 4
ELBOW-PATCH, 2
ELECTRIC, 7
ELASTIC, 3
ELEPHANT, 4
ELEVATOR, 6
DELETE, 5
EMBARRASS, 7
BLUSH, 2
EMERGENCY, 5
EASTER, 4
EMOTION, 4
ENERGY, 4
AUTHORITY, 4
POWERFUL, 2
POWER, 2
ns-ENGLAND/ENGLISH, 6
ns-BRITAIN, 3
PLEASE/ENJOY, 8
HAPPY, 11
ENOUGH, 6
PLENTY, 4
FULL, 8
EQUAL, 4
EQUIPMENT, 4
ETCETERA, 3
ns-EUROPE, 6
EVENING, 3
EVERYDAY, 6
TOMORROW, 2
YESTERDAY, 3
EXACT, 8
PERFECT, 3
WORK-OUT, 11
EXPAND, 4
EXPERIENCE, 6
PEACH, 4
EXPERIMENT, 5
EVALUATE, 3
EXPRESS, 4
POEM, 3
EYEBROW, 4
EYELASHES, 4
EYES, 4
F, 4
CUT-FABRIC, 4
FACE, 11
FACIAL-EXPRESSION, 5
SO-SO, 4
FALL-IN-LOVE, 4
FALL, 6
False, 6
FALSEHOOD, 4
LIE, 8
FAMILY, 6
CLASS, 6
TEAM, 2
GROUP, 4
GROUP/TOGETHER, 4
ASSOCIATION, 5
SOCIETY, 2
DEPARTMENT, 4
ORGANIZATION, 2
FARM, 5
FAST, 4
VERY-FAST, 1
FASTING, 3
FAT, 6
BECOME-FAT, 3
FAVORITE/PREFER, 4
TASTE, 4
DELICIOUS, 6
LUCKY, 4
FAX, 3
FEED, 4
PAY/SPEND, 1
FEEL, 7
TEND, 2
CONCERN, 5
EXCITED, 6
THRILL/WHAT'S-UP, 7
LIGHT-WEIGHT, 1
DEPRESS, 10
SENSITIVE, 2
FENCE, 6
NET, 2
FIGHT, 8
BOXING, 8
FILE, 8
TAKE-BREAK, 4
FIND/FIND-OUT, 7
PICK/CHOOSE, 3
FINE, 6
POLITE, 2
FANCY, 5
FINGER, 4
FINGERS, 4
FINGERPRINTS, 4
FINGERSPELL, 10
SPELL, 3
CASHIER, 2
CALCULATOR, 1
FINISH, 7
ns-nat-FINLAND, 3
FIRE/BURN, 10
FIRED, 6
FIREMAN, 4
FISH, 5
FIST, 2
PUNCH, 2
VIDEO-CAMERA, 4
FLASHLIGHT, 1
FLEXIBLE, 4
PLASTIC, 4
LEAD, 4
LOOSE, 2
FLIP-OVER, 1
TURN-PAGE, 1
WATER-RISE, 2
FLOAT, 5
FLOW, 2
FAIL, 6
FLUNK, 3
CHOOSE, 1
FLUTE, 5
FLY-KITE, 2
FLY-BY-WINGS, 1
ANGEL, 7
FOOT, 2
FOOTSTEP, 4
WALK, 10
TAP-DANCE, 2
BALANCE, 4
BPCL:B"tapping foot", 1
fs-FEET, 1
FOR, 4
FOR-FOR, 3
ILLEGAL, 7
FORCE, 6
VETO/REJECT, 1
FOREHEAD, 4
FORGET, 6
BLANK-OUT, 3
FORK, 6
EAT-WITH-FORK, 2
ns-FORT-WORTH, 1
ns-FORT-WORTH-DALLAS, 1
FOUNDATION, 4
FOUNTAIN, 4
FOX, 4
WOLF, 2
ns-FRANCE, 3
FRECKLES, 6
ZITS, 1
MEASLES, 3
MUMPS, 1
BEARD, 3
FREE, 6
INDEPENDENT, 4
FREEZE, 6
FRESHMAN, 1
FRIDAY, 6
EVERY-FRIDAY, 4
FRIEND, 6
BEST-FRIEND, 2
RELATIVE, 4
FROG, 4
FROM, 4
FRONT, 1
EMOTIONLESS, 2
OVERLOOK, 1
EYEBROW-FROWN, 4
FRUIT, 4
FRUSTRATE, 3
FRUSTRATED/THWARTED, 2
FUN, 4
FUNNY, 7
FUNCTION, 6
FUNERAL, 3
FURNITURE, 4
FUTURE, 8
LATER, 2
#WILL, 2
G, 4
GAMBLE, 6
GANG, 4
GARAGE/SUBMARINE, 5
HELICOPTER, 4
GAY, 4
LESBIAN, 4
ns-GERMANY, 3
ns-nat-GERMANY, 3
GET-IN, 3
GET-ON, 2
GHOST, 8
GIGGLE, 7
GIRL, 6
GIVE-UP, 6
GIFT, 6
GIVE, 8
GLASSES, 1
ns-GALLAUDET, 4
BLINDFOLD, 1
GLOBE, 3
EARTH+SPHERE, 2
GLORY, 4
GLOVES, 1
PUT-ON-GLOVES, 2
GLUE, 6
GOAL, 8
GOAT, 3
GOD, 4
GOLF, 4
GONE, 6
THUMBS-UP/GOOD, 2
GOSSIP, 6
GRAB-CHANCE, 5
WIN, 2
GRADUATE, 6
GRAD, 6
GRAMMAR, 4
GRANDMOTHER, 6
GRANDFATHER, 6
GRAPES, 4
GRASS, 6
OIL, 4
GRAY, 4
ns-GREECE, 1
ns-nat-GREECE, 2
GREEN, 6
HELLO, 9
GRIP, 5
HOLD, 3
GROW, 8
ns-nat-GUATEMALA, 3
MISS/ASSUME, 7
GUN, 3
SHOOT, 3
RIFLE, 1
HUNTING, 4
GYM, 5
H, 4
HABIT, 4
USED-TO, 2
USE, 4
HAIR, 4
ns-ISLAND-HAITI, 1
ns-#HI, 2
HALL, 4
fs-HALL, 2
HALLOWEEN, 3
ns-nat-HAMBURG, 1
HAMMER, 9
HANDS, 4
HANGER, 8
HAPPEN, 7
HARD-OF-HEARING, 6
HARD, 6
TOUGH, 11
PROBLEM, 7
PHYSICS, 2
HARP, 3
CRUEL, 6
HAT, 4
HATE, 4
WOW/AWFUL, 4
HAVE, 7
TIRED, 2
YOUNG, 2
ANIMAL, 4
LUNGS, 8
PNEUMONIA, 1
ns-HAWAII, 3
HANDSOME/ns-HAWAII, 3
IX, 6
IX-honorific, 2
FAR, 7
HEAD, 6
HEADLINE, 3
HEARING-AID, 6
PUT-ON-HEARING-AID, 2
Q-TIP, 2
HEARING, 7
HEART, 4
TOUCH-HEART, 3
TRACE-HEART, 5
HEAVEN, 1
HEIGHT, 2
HELL, 3
fs-HELL, 2
POSS, 3
HIGH, 7
HIGHWAY, 4
SELF, 4
LONG-AGO, 8
HISTORY, 6
SUSPEND, 4
HOLY, 2
fs-HOLY, 1
HOME, 8
DORM, 4
HOMEWORK, 1
HOME+WORK, 5
HONEY/DEAR, 2
ns-nat-HONG-KONG, 2
CAR-HORN, 4
HONOR, 4
RESPECT, 4
HOPE, 4
HOSPITAL, 2
MEDICAL-PATIENT, 2
HOT, 4
SAUSAGE/HOT-DOG, 7
HOUR, 6
ns-HOUSTON, 2
HOW, 7
QM, 4
HUMBLE, 5
ns-HUNGARY, 4
ns-nat-HUNGARY, 2
HUNGRY/WISH, 4
HURRICANE, 3
HURRY, 5
HURT, 8
THROAT-HURT, 2
HEADACHE, 4
EAR-HURT, 3
HYPOCRITE, 3
I, 3
I-LOVE-YOU, 3
ICE-CREAM, 5
IDEA, 5
IDENTIFY, 4
IDENTIFICATION, 2
IGNORE, 3
IMAGINE, 6
PARANOID, 2
HALLUCINATE, 1
HIGH-ON-DRUGS, 2
FANTASY, 3
IMMATURE, 4
IMPORTANT, 4
WORTH, 3
IMPOSSIBLE, 4
IMPRESS, 4
IMPRESS-MEMORY, 2
EMPHASIZE, 10
IMPROVE-A-LOT, 6
GRADUAL-IMPROVE, 8
IN, 10
SAVE-MONEY, 3
INCREASE, 7
DECREASE, 10
ns-INDIA, 4
INDIVIDUAL, 4
ns-nat-INDONESIA, 1
INDUSTRY, 3
INFORM, 16
INJECT, 11
DRUGS, 4
INNOCENT, 4
INSPIRE, 4
INSULT, 5
INSURANCE/INFECTION, 5
INTERESTING, 4
INTERPRET, 5
INTERRUPT, 4
BOTHER, 4
PSYCHOLOGY, 3
CREATE/PRETEND, 5
ns-IRAQ, 3
ns-IRELAND, 4
ISOLATED, 3
TALK-TO-SELF, 1
ns-ISRAEL, 4
JEWISH, 8
ns-nat-ISTANBUL, 2
ANYWAY/NOT-MATTER, 5
ns-ITALY, 5
ns-nat-ITALY, 3
J, 3
ns-nat-JAMAICA, 4
ns-nat-JAPAN, 4
JAW, 4
JEALOUS, 4
JELLY, 3
fs-JELLY, 1
ns-nat-JERUSALEM, 2
ns-JESUS, 5
JEWELRY, 2
fs-JEWELRY, 1
WORK, 8
DUTY, 3
ns-nat-JORDAN, 1
ns-fs-JORDAN, 1
JUMP, 4
JUMP-FORWARD, 6
JUMPROPE, 4
JUNIOR, 3
KANGAROO, 4
KARATE, 4
KEY, 6
K, 4
KICK, 6
KID, 4
KILL, 6
KIND, 4
KING, 4
QUEEN, 2
PRINCE, 2
PRINCESS, 2
LORD, 4
LORD-GOD, 3
CHRIST, 2
ROYAL, 2
KISS, 4
KITE, 6
KNEELING, 3
PROTESTANT, 4
PRESBYTERIAN, 1
KNEEL, 4
KNIFE, 8
KNOCK, 4
KNOW, 7
KNOW+NEG, 7
KNOW-THAT, 3
KNOW+THAT, 2
ns-nat-KOREA, 4
L, 4
LADDER, 4
CLIMBING-ROCKS, 1
LAID-UP, 3
LANTERN, 3
LAP, 4
LAPTOP, 4
LAST, 4
LAUGH, 5
LAZY, 6
LEAF, 4
LEARN, 6
LEATHER, 4
LEAVE, 4
ns-nat-LEBANON, 1
LECTURE, 6
LEAVE-THERE, 6
LEFT, 6
LEG, 4
LEMON, 4
LESS, 9
LIBRARY, 5
LICENSE, 4
LICK, 4
LID, 3
LIE-DOWN, 3
RESTLESS, 4
LIVE, 11
ADDRESS, 3
LIFT, 3
HEAVY, 6
LIGHT-FLASH, 3
LIGHT, 3
CLEAR, 3
LIGHTHOUSE, 3
LIGHT+HOUSE, 3
LIGHTNING, 3
LIKE, 5
LIMIT, 3
BAKE/OVEN, 4
LINE, 7
STRING, 2
ROPE, 1
LINED-PAPER, 2
LIPREAD, 4
LIST, 8
TAKE-NOTES, 2
FILL-OUT, 2
COURSE, 5
HEAR/LISTEN, 4
PERCEIVE, 2
SMALL, 3
ns-LONDON, 4
LONG, 4
SEARCH-FOR, 4
LOSE-COMPETITION, 5
INTERCOURSE, 3
LOSE, 4
SPEAKERS, 4
LOUDSPEAKER, 4
SUITCASE, 3
CARRY-SUITCASE, 1
LUNCH, 4
M, 4
MACHINE, 13
FOOTBALL, 6
MAD, 10
GROUCHY, 5
SULK, 2
MAGAZINE, 5
MAGIC, 4
MAGNET, 1
SPECIALTY, 5
MAJOR, 4
MINOR, 2
PROFESSION, 2
PRACTICE, 4
MAKE, 6
COFFEE, 6
ns-nat-MALAYSIA, 3
HAIRCUT, 6
HAIRCUT/TRIM, 6
MAN, 1
WOMAN, 7
MANY, 3
HOW-MANY/MANY, 9
MARCHING, 4
MARIJUANA, 4
MARRY, 10
VIRGIN-MARY, 2
VIRGIN+fs-MARY, 1
EYE-MASK, 3
LIGHT-MATCH, 3
MATERIAL, 4
FIGURE-OUT, 3
MATH, 3
GEOMETRY, 3
ALGEBRA, 2
TRIGONOMETRY, 2
CALCULUS, 4
STATISTICS, 2
FIX, 1
WORSE, 1
#FIX, 3
MAYBE, 4
SIZE, 6
MEAT, 5
TALK-OVER, 3
MEDITATE, 3
MEETING, 6
MEET, 6
MEMBER, 6
COMMITTEE, 3
LEGISLATURE, 3
SENATE, 2
FACULTY, 2
MEMORIZE, 3
MENSTRUATE, 2
DOWN-TO-EARTH, 1
NAME, 6
POUND/WEIGH, 2
METAL, 5
ns-MEXICO/SPAIN, 3
ns-MIAMI, 2
MICROPHONE, 5
MICROWAVE, 3
MIDNIGHT, 4
ALL-NIGHT-AFTER-MIDNIGHT, 2
ALL-NIGHT, 4
ns-nat-MILAN, 3
MILK, 5
MILK-COW, 3
MINUTE, 5
MIRROR, 2
REFLECT, 2
MISUNDERSTAND, 9
ABSENT, 2
MISTAKE, 7
WRONG, 4
MIX-UP, 5
CONFUSE, 3
THINK+MIX-UP, 4
MOLD, 4
MONDAY, 5
EVERY-MONDAY, 4
MONEY, 4
BUY, 8
EXPENSIVE, 6
MONKEY, 3
ns-MONTANA, 3
MOON, 3
MORE, 5
NUMBER, 2
REPAIR, 5
MORNING, 5
ns-MOSES, 2
MOST, 5
MOTHER, 5
FATHER, 6
MOTOR, 1
MOTORCYCLE, 2
SNOWMOBILE, 1
MOW, 3
MOUNTAIN, 2
SAD, 4
MOUSE/FICTION, 4
RAT, 3
MOVE, 2
MOVE-AROUND, 2
MOVE-AWAY, 2
PUT, 2
MOVIE, 5
MUSEUM, 1
MUSIC, 3
POETRY, 1
MUST, 4
SHOULD, 5
MUSTACHE, 2
N, 2
NAKED, 1
EMPTY/NAKED, 4
EMPTY/EARLY, 7
AVAILABLE, 2
SHARP, 2
NAPKIN, 1
OF-COURSE, 9
ns-AMERICAN-INDIAN, 2
NAVY, 2
NECK, 1
NECKTIE, 2
NEGATIVE, 1
NEPHEW, 1
NIECE, 1
NERVE/VEIN, 2
NERVOUS, 3
VIBRATE, 3
PULSATE, 1
NEVER, 3
NEW, 3
ns-NEW-ORLEANS, 2
ns-NEW-YORK, 3
TURN, 2
NIBBLE, 1
ns-NIGERIA, 1
NIGHT, 3
NIPPLES, 1
NOISE, 1
NONE/NOTHING, 1
NOTHING, 1
NO-PROBLEM, 3
NONE, 1
NOTHING-AT-ALL, 2
ZERO, 4
NOON, 1
NORTH, 3
ns-NORTH-AMERICA, 1
NOSE, 1
NOT, 4
DENY, 3
NOTICE, 1
NOW, 8
NUT, 2
STRANGE, 5
WILD-ABOUT, 5
OFF, 2
OH-I-SEE, 4
ON, 2
ONCE, 2
ONION, 2
OPEN, 2
OPEN-DOOR, 2
OPEN-WINDOW, 2
SURGERY, 6
RELAY-OPERATOR, 2
OPINION, 2
AGAINST, 4
OPPOSITE, 4
STRUGGLE, 2
ORANGE, 4
ORTHODOX, 2
OUT, 3
GO-OUT, 2
OVERFLOW, 2
OVERHEAD-PROJECTOR, 2
OWL, 2
PACK, 2
BOOK-PAGE, 2
DICTIONARY, 4
ENCYCLOPEDIA, 5
PAGER, 2
TEXTING, 2
SWEETHEART, 2
PAINT, 8
STRIP-PAINT, 2
ICL:F"peeling paint", 1
ns-nat-PAKISTAN, 2
PANTS, 2
PAPER, 4
ns-PARIS, 2
PAT-ON-BACK, 2
PIRATE, 2
PATIENT, 6
SUFFER, 2
PAY, 3
BILL/OWE, 1
PEAR, 2
PENGUIN, 1
PENIS, 1
PERCENT, 4
PERFUME, 4
PERIOD, 2
PERIOD-ON-PAGE, 2
PERSON, 1
PEOPLE, 3
AGENT, 1
PERSONALITY, 2
PERSPECTIVE, 4
JUDGE, 2
P, 2
ns-PHILADELPHIA, 4
PIANO, 4
ORGAN-MUSIC, 1
PICKLE, 1
fs-PICKLE, 1
SANDWICH, 4
PICTURE, 2
PIE, 2
PILLOW, 2
PINEAPPLE, 2
PIPE, 2
PITY, 2
PIZZA, 2
#PIZZA, 1
PLAN, 5
PLANT-SEEDS, 2
PLAY, 6
PLAY-AROUND, 2
PARTY, 2
DEAL-CARDS, 2
FRIENDLY, 4
COOL, 4
PLUG, 3
POCKET, 2
POINT-TO, 2
POKE, 2
ns-nat-POLAND, 2
COP, 11
DETECTIVE, 2
BILLIARDS, 2
POOR, 2
POP-CORK, 5
POPCORN, 2
ns-PORTUGAL, 1
PLUS, 6
SQUARE, 4
FRAME, 3
FORM, 4
POSTPONE, 6
POTATO, 4
POUR, 1
PITCHER, 1
ICL:C"pouring over", 1
PRAY, 4
REQUEST, 4
PREACH, 2
PREGNANT, 4
PRESIDENT, 4
PRESSURE, 6
BEAUTIFUL, 8
PRINCIPAL, 4
PRINT, 5
PRIORITY, 2
PROGRAM, 2
PROJECT, 2
CROSS-MY-HEART, 2
PROMISE, 4
PROPORTION, 2
PROUD, 4
PROVE, 4
ns-PUERTO-RICO, 2
PUFF-SMOKE, 1
MAKE-BUBBLES, 1
PULL, 7
URGE, 3
AIR-PUMP, 2
WATER-PUMP, 2
MELON/PUMPKIN, 2
PUNISH, 2
PURPLE, 2
PURSE, 1
PUZZLE/PUSH-BUTTONS, 3
Q, 2
ARGUE, 3
QUIT, 4
QUOTE/TOPIC, 2
R, 2
RABBI, 3
RABBIT, 2
RACCOON, 3
RAIN, 5
SNOW, 2
WEATHER, 2
RAINBOW, 2
RAKE, 3
RAM, 4
READ, 4
READY, 4
REASON, 2
GET, 2
RECENT-PAST, 4
RECLINE/ROCKING-CHAIR, 4
SUGGEST, 6
RECORD, 2
MUSIC-RECORD, 2
RED, 2
PINK, 4
PICNIC, 1
REFER, 4
REFUSE, 3
SUPPORT, 6
REINS, 2
REJECT, 2
RELATIONSHIP-OFF, 2
RELIGION, 1
REMEMBER, 3
REMIND, 1
REMOVE, 1
RESEARCH, 9
INSTITUTE, 7
GET-OUT, 2
RESPONSIBILITY, 5
FAULT, 3
REST, 2
RESTAURANT, 4
CAFETERIA, 4
REVENGE, 2
REVIEW, 2
RIBS, 3
RIB, 2
RICH, 2
WEALTHY, 3
ns-RICHMOND, 2
RIDE, 2
RIDE-ON, 5
LEFT-ARM, 5
ARM, 5
LONG-SLEEVE, 3
SHORT-SLEEVE, 1
ARM+SHORT-SLEEVE, 1
LEGAL-RIGHT, 2
CORRECT, 4
RIGHT, 4
RING, 2
DIAMOND, 2
ENGAGEMENT, 8
FIANCE, 2
PUT-ON-RING, 2
RIP, 2
ROCK, 4
ROOSTER, 1
FLOWER, 6
ROUGH, 2
RUBBER, 2
GOOSEBUMPS, 1
RUN, 10
RUN-MACHINE, 2
LEAK, 1
ns-RUSSIA, 2
ns-nat-RUSSIA, 4
SAFE, 2
SAILBOAT, 2
SALAD, 4
SALT, 2
SAME-TIME, 2
SAME, 18
SAME-OLD, 7
ALSO, 6
ns-SANTA-CLAUS, 2
SATISFIED, 5
WHEW/RELIEVED, 1
SATURDAY, 4
EVERY-SATURDAY, 4
SAUCE, 2
SAVE, 3
SAY, 3
MENTAL-SCAR, 2
SCARF, 2
SCHEDULE, 4
SCHOOL, 3
SCIENCE, 4
BIOLOGY, 4
CHEMISTRY, 6
CUT-WITH-SCISSORS, 2
LOBSTER, 4
SCOOTER, 1
SCOUT, 1
GIRL-SCOUT, 1
SCRAPE, 2
SCREWDRIVER, 2
EXPLOIT, 2
SCUBA, 2
SECOND-OF-TIME, 2
SECRET, 7
SECRETARY, 1
SEE, 4
SEE-SEE, 4
PREDICT, 2
SEEM, 4
COMPARE, 4
SEE-SAW, 2
SELL, 5
SEND, 3
SEND/MAIL, 3
TOSS, 3
THROW-BALL, 1
SENIOR, 2
SENIOR-CITIZEN, 2
SERVICE, 4
ERECT, 2
FEW, 4
FEW/CLOSE, 2
SEW, 2
STITCH, 2
SEX/GENDER, 2
SHAMPOO, 2
ns-nat-SHANGHAI, 2
SHAVE, 5
SHEARS/SHAVE, 1
SHEEP, 4
SHINE, 2
SHOE, 3
BOOT, 2
SHORTS, 2
SHOVEL/DIG, 6
SHOWER, 2
SHUT-UP, 2
SHY, 4
SHAME, 8
SICK, 3
SIDE, 2
USE-SIGN-LANGUAGE, 2
SIGNATURE, 6
SILLY, 14
SILVER, 2
SIMPLE, 2
UP-TO-NOW, 4
SIT, 6
BONE, 2
SKI, 2
ICE-SKATE, 4
ROLLER-SKATE, 1
HOCKEY, 6
ROLLER-BLADE, 1
SKILL, 4
SKIN, 6
THIN, 2
SKIRT, 2
SKUNK, 2
SKY, 1
SLAVE, 2
SLEEP, 6
SLICE, 1
TOMATO, 2
RED+SLICE, 2
SLIDING-DOORS, 2
SLIPPER, 2
SLIPPERY, 2
SLOW, 4
SMELL, 2
SMELLY, 2
SMILE, 3
SNAKE, 2
SNEEZE, 4
SNORKEL, 2
SNOWBOARD, 2
SOAP, 2
SOCIAL-WORK, 2
SOCKS, 2
SODA, 2
SOFT, 2
WET, 2
MILITARY, 2
SOME, 2
SOMETIMES, 2
ONCE-IN-A-WHILE, 2
SON, 1
BOY+BABY, 1
SOPHOMORE, 2
SORRY, 3
SOUP, 3
CEREAL, 3
SOUTH, 4
SPAGHETTI, 2
ns-nat-SPAIN, 2
SPANK, 2
SPECIAL/EXCEPT, 1
DRAGON, 1
SPICY, 1
HOT-SPICY, 1
SPIDER, 1
SPIN, 2
ORBIT, 3
LCL"path-turn-around", 6
SPIT, 2
TATTLE, 4
BAKING-SPRINKLES, 2
SQUIRREL, 2
ns-nat-SRI-LANKA, 1
STAB, 5
STAGE, 2
UPSTAIRS, 2
DOWNSTAIRS, 3
STAND, 4
STAND-UP, 10
GET-UP, 5
STAR, 2
START, 2
STATE, 2
CONSTITUTION, 3
SYMBOL, 2
POLICY, 2
STEAL, 3
STEALTHY, 2
STEAM, 3
DCL"steam rising", 1
STEEP, 2
STEPS, 2
STEPLADDER, 2
STICKY, 3
STILL, 2
STAY, 2
STIMULATE, 3
EXPOSE, 3
STING, 2
STING-FACE, 2
BEE, 1
MOSQUITO, 3
STINK, 2
STIR, 2
INVEST, 2
TOURNAMENT, 2
FERRIS-WHEEL/FAIR, 2
STOP, 2
STOPLIGHT, 1
STORY, 9
STRAIGHT, 4
BOWLING-STRIKE, 2
STRIPES, 4
STRUCTURE, 2
STUDY, 3
STUPID, 2
SUBTRACT, 2
SUBWAY, 2
TAKE-SUBWAY, 4
VACUUM-UP, 1
SUMMARIZE, 3
FASCINATE, 1
BLACK-OUT, 1
SUMMER, 2
SUMMON, 2
WARN, 4
NATIVE, 1
SURFACE, 3
SMOOTH-SURFACE, 2
SUN, 3
SUNSHINE, 1
SUNRISE, 3
SUNSET, 3
IF, 2
#IF, 4
SUSPECT, 3
SWALLOW, 3
THIRSTY, 3
SWEAT, 2
SWEATER, 2
CARDIGAN, 2
ns-SWEDEN, 2
GET-BIGGER, 2
SWIM, 2
ns-SWITZERLAND, 2
SYSTEM, 2
SEMESTER, 2
T, 2
TABLE, 1
TAIL, 1
WAG, 2
TAKE, 1
TAKE-UP, 6
GRAB, 6
TAKE-PILL, 4
TAKE-OFF, 2
TALL, 3
ROCKET, 2
TANK-TOP, 2
TAPE-RECORDING, 2
TAPE, 2
TATTOO, 3
fs-TATTOO, 1
TEACH, 2
CALL-ON-RELAY/VRS, 8
PHONE, 3
CALL-BY-PHONE, 5
HANG-UP-PHONE, 4
TELESCOPE, 1
TEMPT, 2
TEST, 3
ns-TEXAS, 2
ns-nat-THAILAND, 2
THAT, 2
THEORY, 2
THEREFORE, 2
THERMOMETER, 2
THICK, 2
SLIM, 2
THROAT, 2
THROUGH, 2
GET-RID-OF, 2
THROW, 7
THROW-BASKETBALL, 1
THROW-SOFTBALL, 1
THUMB, 1
THUMBTACK/BUTTON, 1
THURSDAY, 4
EVERY-THURSDAY, 7
TICKLE, 2
TIE, 5
TIME-PERIOD, 1
TIPTOE, 2
TOAST, 2
TOBACCO, 2
TONGUE, 2
FOREVER, 5
TOOTHBRUSH, 2
BRUSH-TEETH, 4
TOOTHPASTE, 4
TOP, 2
TOUCH, 2
TOWEL, 2
SWITCH, 2
REPLACE, 10
INSTEAD, 3
TRADITION, 2
TRAIN, 4
TAKE-TRAIN, 4
TRAP, 2
TROMBONE, 1
TROPHY, 2
HONEST, 2
TRY, 2
ATTEMPT, 3
EFFORT, 4
TUESDAY, 2
EVERY-TUESDAY, 4
TURN-DOWN, 2
IGNITION-ON, 3
IGNITION-OFF, 1
TUTOR, 2
TWENTY-ONE, 3
TWENTY-TWO, 2
UGLY, 2
UMBRELLA, 2
WHISTLE, 7
UNDERSTAND, 2
UNDERPANTS, 2
STRIP, 2
UP, 4
UPSET, 4
UPSIDE-DOWN, 2
FORMERLY, 2
V, 2
VACUUM, 3
VAGINA, 2
VALLEY, 2
VANILLA, 4
VARY, 2
VEGETABLE, 2
VINEGAR, 2
VERY, 2
VICE-PRESIDENT, 2
VIDEOTAPE, 2
ns-VIETNAM, 2
VIOLIN, 2
VIRGIN, 2
VISUALIZE, 2
VISIT, 2
VOCABULARY, 2
VODKA, 3
VOICE, 4
VOLLEYBALL, 2
VOMIT, 1
VOTE, 7
TEA, 2
W, 2
WAIST, 4
WAIT, 2
WALLET, 2
WANT, 3
WAR, 2
WARM, 2
WASH-DISH, 1
WASH+DISH, 1
ns-WASHINGTON, 3
WASTE, 4
WATER, 4
WATERMELON, 2
WATER+MELON/PUMPKIN, 2
ATTENTION-WAVE, 2
WAVE-GOODBYE, 3
WEAK, 2
WEDDING, 2
WEDNESDAY, 2
EVERY-WEDNESDAY, 4
ONE-WEEK, 2
EVERY-WEEK, 2
NEXT-WEEK, 1
LAST-WEEK, 4
GOOD/THANK-YOU, 5
BAD, 6
WEST, 2
WHALE, 1
WHEEL, 2
WHEELCHAIR, 2
ROLLING, 2
RECYCLE, 1
WHEELBARROW, 1
WHEN, 2
ABOUT, 3
WHERE, 5
WHICH, 2
WHIP, 2
WHISPER, 3
WHITE, 2
WHO, 2
WHY, 4
WIND, 6
WINDOW, 2
WINE, 2
WITCH, 4
WITH, 3
AHEAD, 5
BEHIND, 3
AVOID/FALL-BEHIND, 8
FOLLOW, 6
PASS, 5
CHASE, 6
SUPERIOR, 3
DETERIORATE, 4
WOOD, 4
SAW, 3
WORKSHOP, 2
WORLD, 2
INTERNATIONAL, 4
UNIVERSE, 2
WORM, 2
WORRY, 2
TROUBLE, 2
WOW, 2
WRAP, 2
FOLD, 5
WRIST, 2
TIME, 1
WRITE, 4
PENCIL, 2
X, 2
YAWN, 1
YEAR, 2
YELLOW, 4
YES, 2
#YES, 3
Z, 2
ZIPPER, 2
BOX/ROOM, 4
BOX, 2
OFFICE, 2
SWEAR, 1
CHEW, 4
WASH, 3
RUB, 2
DUSTING, 3
ERASE-BOARD, 2
ERASE, 4
WASH-FACE, 4
WASH-HANDS, 2
CLOSE-DOOR, 5
OBESE, 4
MASK, 1
AUTUMN, 5
FALL-INTO-PLACE, 2
TRIM, 1
PARAGRAPH, 2
TAN, 1
MENTALLY-RETARDED, 3
TEMPERATURE, 5
ACQUIRE, 1
BOWEL-MOVEMENT, 1
CAMERA-FLASH, 1
BRAVE/RECOVER, 8
STRONG, 5
WALL, 3
WASHING-MACHINE, 3
U, 2
Y, 2
ADVERTISE, 5
EXAGGERATE, 6
PEEK-AROUND, 2
PET/SPOILED, 2
SPILL, 2
SPRINKLER, 1
NOT-MY-PROBLEM, 1
WHAT, 4
HERE, 5
#WHAT, 2
SPEND, 6
AREA, 1
SURROUND, 2
AROUND, 6
LOCAL, 3
PLACE, 8
ASSIST, 5
STRICT, 2
ns-nat-TRINIDAD-AND-TOBAGO, 2
VAIN, 1
OVERWHELMED, 3
S, 2
ns-SCOTLAND, 2
SEPARATE, 3
BOWL, 4
BOOK, 5
STORM/CLOUDS, 7
MESSED-UP, 7
COLLEGE, 5
UNIVERSITY, 2
SENTENCE, 6
CAPTIONS, 5
SISTER, 1
GIRL+CORRECT, 5
TREE, 6
BERRY, 8
CHERRY, 1
STRAWBERRY, 1
BLOCK, 2
ROWING, 2
KINDERGARTEN, 6
RUDE, 4
COMMON-SENSE, 2
DROOL, 2
RUNNY-NOSE, 2
FEEDBACK, 3
GORILLA, 2
PAY-IN-FULL, 2
PRIZE-DRAWING, 2
TREAT, 2
EIGHT-MONTHS, 2
EIGHT-WEEKS, 2
FIVE-MONTHS, 2
FIVE-WEEKS, 2
FOUR-MONTHS, 2
FOUR-WEEKS, 2
NINE-MONTHS, 1
NINE-WEEKS, 1
SEVEN-MONTHS, 2
SEVEN-WEEKS, 2
SIX-MONTHS, 1
SIX-WEEKS, 2
THREE-HOUR, 1
THREE_2+HOUR, 1
THREE-MONTHS, 2
THREE-WEEKS, 2
TWO-WEEKS, 2
TWO-MONTHS, 2
ANGLE, 2
LIST-ORDER-THUMB, 2
LIST-ORDER-IX, 2
LIST-ORDER-MIDDLE, 2
LIST-ORDER-RING, 2
LIST-ORDER-PINKY, 2
KICK-OFF, 2
HARMONICA, 1
BITE-NAILS, 1
HITCHHIKE, 2
TAKE-A-HIKE, 4
HONEYMOON, 2
KIDNEY, 2
LINGUISTICS, 2
MYSTERY, 3
ADVENTUROUS/SNEAKY, 4
ASTRAY, 2
STRAY/DEVIATE, 1
FORK-IN-ROAD, 2
BEAVER, 2
fs-BEAVER, 1
ns-LINCOLN, 1
ns-MCDONALD, 2
ns-GOLDENHES, 2
ns-MICKEY-MOUSE, 2
PARACHUTE, 1
PARENTHESES, 2
ns-PEPSI, 2
PILGRIM, 2
PISS-OFF, 3
POPE, 2
PROMISCUOUS, 2
SNOB, 2
SOPHISTICATED, 1
BOARD, 2
ns-BURGER-KING, 2
CAESAREAN-SECTION, 2
CALENDAR, 2
CALM-DOWN, 3
COMPLICATED, 2
CUSTOMER, 2
FEATHER, 1
fs-FEATHER, 1
FRACTION, 2
DISH, 8
DOOR, 6
EGG, 7
SHORT, 4
GIRAFFE, 4
HAMBURGER, 7
HILL, 4
HOTEL, 3
HOUSE, 6
LANGUAGE, 4
LAW, 6
RULE, 6
REGISTER, 1
OPPORTUNITY, 4
POSTER, 4
GREEDY, 2
GYMNASTICS, 4
ONE-NIGHT-STAND, 3
KNOW-NOTHING, 3
LABEL, 2
LACROSSE, 2
ABDOMEN, 1
STOMACH, 2
ABSTRACT, 2
VAGUE, 7
LOTION, 1
ADDICTED, 1
TEENAGER, 1
ADULTERY, 1
ALLERGY, 1
NOSE+OPPOSITE, 1
AMBULANCE, 2
AUCTION, 2
TUNNEL, 3
WORD, 2
CAPITAL-LETTER, 3
LOWERCASE/TINY, 3
PUPPET, 2
COCAINE, 3
METHOD, 2
O, 2
SEAT-BELT, 1
HELP, 9
SET-UP, 6
LOOK, 59
LOOK-BY-EYE, 2
VACATION, 11
RETIRE, 5
ns-HOLLYWOOD, 1
SUBSCRIBE, 4
SKYSCRAPER, 1
GREAT, 2
SUNDAY, 3
EVERY-SUNDAY, 4
PUSH, 4
TO/UNTIL, 4
THEN, 2
PEAS, 4
RIVER, 1
FLAT/FLOOR, 3
FLAT/LEVEL, 3
SHELF/FLOOR, 12
CEILING, 4
NEXT-YEAR, 1
IN-THREE-YEARS, 2
IN-FOUR-YEARS, 2
IN-FIVE-YEARS, 2
LAST-YEAR, 3
ONE-MONTH, 5
EVERY-MONTH/RENT, 3
INVITE/HIRE, 2
INTRODUCE, 6
WELCOME, 2
EVERY-YEAR, 5
EVERY-TWO-YEARS, 4
SHOE-HEEL, 2
PUMPS, 2
HIGH-HEELS, 5
LETTER/MAIL, 9
STAMP, 1
SPEECH/ORAL, 7
FED-UP/FULL, 11
WRENCH/PLUMBING, 4
FLAG, 5
SHAPE/STATUE, 8
FEMALE-FIGURE, 2
TOOTH/GLASS, 8
TEETH, 2
CHERISH, 6
UNDERWEAR/PRECIOUS, 1
MERGE/MAINSTREAM, 7
WEAVE, 2
COOKING, 2
COOK/KITCHEN, 5
PANCAKE, 2
KITCHEN, 4
INCLUDE/INVOLVE, 11
PARTICIPATE, 1
JOIN, 4
ISLAND/INTEREST, 10
INFLATE, 3
DEFLATE, 1
FLAT-TIRE, 9
REDUCE, 2
FOOL/DOLL, 7
FOOL, 1
HANUKKAH, 4
EASY, 9
ALMOST, 1
GOLD/ns-CALIFORNIA, 10
GOLD/ns-CALIFORNIA+YELLOW, 1
GRADUAL-DECLINE-A-LOT, 5
FOCUS/NARROW, 4
ROAD, 5
NARROW-STREET, 2
WIDE, 2
GENERAL, 5
LIP/MOUTH, 6
LIPSTICK, 4
SHORT-HEIGHT, 2
LOW, 4
PING-PONG/TENNIS, 8
VOLUNTEER/SHIRT, 7
MATCH, 7
ROOMMATE, 1
OCTOPUS, 4
JELLYFISH, 1
CHARACTER, 3
CHARACTERISTIC, 2
CONFIDENT, 3
CONFIDENTIAL, 3
CRAWL, 2
CLIMB, 1
TRUMPET, 2
CUP, 2
JUGGLE, 1
STORY-TELL, 1
SPREAD, 1
BELT, 4
EIGHT-HOURS, 1
EIGHT+HOUR, 1
SIX-DOLLARS, 1
BLOUSE, 1
fs-BLOUSE, 1
SHORE, 1
BATHROBE, 1
BATH+DRESS/CLOTHES, 1
BATH+BATHROBE, 2
BATH+COAT, 2
BUCKET, 2
BROTHER, 5
BOY_2+CORRECT, 9
ENGINE, 1
PASS-OUT, 3
CLOWN, 3
CLOSE-WINDOW, 5
COLLAR, 4
PRIEST, 3
NECKLACE, 5
SCREEN/FILTER, 1
PRISON, 5
FIVE-HOURS, 1
FIVE_2+HOUR, 1
FISHING, 4
COPY-DOWN, 5
DEVOUR, 1
EAT-UP, 2
COUCH, 1
DCL:crvd-V"couch shaped object", 7
NEAT, 4
NERVY, 1
WILD, 1
CRAZY, 6
RADIO, 4
DENTIST, 2
ANGRY, 5
FOUR-HOURS, 1
FOUR_2+HOUR, 1
GAS/GAS-UP, 8
GET-TICKET, 11
LINE-UP, 5
TRAFFIC, 2
GO-TO-IT, 5
ns-MEXICO, 1
ns-nat-MEXICO, 3
KETCHUP, 4
CAT+fs-UP, 4
GUILTY, 8
IRON-CLOTHES, 6
IRON-METAL, 1
JACK-O-LANTERN, 2
BETWEEN/SHARE, 3
AVERAGE, 6
HEART-BEAT, 2
HEART+HEART-BEAT, 5
MODEL, 1
NUN, 2
MUSLIM, 1
PARK, 3
PARLIAMENT, 3
PITCH-A-BALL, 2
ns-PITTSBURGH, 2
ns-MAINE, 1
ns-PINOCCHIO, 1
MARIONETTE, 3
BIKE-PUMP, 3
SIX-HOURS, 1
SIX+HOUR, 1
ns-QUEBEC, 2
SMOKE, 5
SCREAM, 1
SCOLD, 3
SHIP, 2
TEASE, 3
RUIN, 2
TORTURE, 3
SEVEN-HOURS, 1
SEVEN+HOUR, 1
SHAKE-BY-HANDS, 3
STRANGLE, 2
STRAW, 5
LOLLIPOP, 3
SUCCEED, 3
FINALLY, 7
FAMOUS, 4
ANNOUNCE, 4
TELL, 5
THANKSGIVING, 1
THIEF, 2
THING, 4
THINK, 4
THINK-ABOUT, 1
WONDER, 4
THINK-OVER, 4
PONDER, 8
MIND, 4
WISDOM, 4
FLIP-FLOP, 4
CAMP, 11
SWING, 3
TALK, 4
TWINS, 5
TWO-HOURS, 1
TWO_2+HOUR, 1
CABBAGE, 6
TRIP, 2
TRANSFER, 2
TRANSPORTATION, 2
REALLY, 6
TYPEWRITER, 3
TYPE, 3
PRESS-BUTTONS, 1
FLIRT, 4
TRAVEL, 4
TORNADO, 4
WIFE, 1
GIRL+MARRY, 1
WHISKERS, 1
THESE, 3
THIS-PLACE, 5
LUTHERAN, 1
PEAK-MOUNTAIN, 3
ns-SINGAPORE, 1
ASK, 2
QUESTION, 2
ns-NETHERLANDS, 7
ns-nat-NETHERLANDS, 3
HUSBAND, 2
BOY_3+MARRY, 2
PATRONIZE/FREQUENT, 1
LATE, 2
NOT-YET, 7
HIDE, 1
TURTLE, 2
SIGN, 1
INCOMPETENT, 2
BACK, 1
FIFTEEN, 4
FOURTEEN, 5
THIRTEEN, 4
TWELVE, 4
ELEVEN, 4
ONE+HUNDRED, 5
TEN, 4
FOUR, 6
THREE, 5
NINETEEN, 9
NINE, 4
EIGHT, 3
SEVEN, 4
SIX, 4
FIVE, 4
TEN+EIGHT, 2
EIGHTEEN, 6
SEVENTEEN, 7
SIXTEEN, 6
TWO, 4
ADVISE/INFLUENCE+AGENT, 3
ns-AFRICA+ns-AMERICA+AGENT, 5
ART/DESIGN+AGENT, 4
#ASL, 6
ns-AMERICA+SIGN+LANGUAGE, 3
AUDIOLOGY+AGENT, 4
#BACK, 2
HAIRCUT+AGENT, 3
BED+BOX/ROOM, 2
BEG+AGENT, 4
THINK+MARRY, 6
REALLY+POSS, 1
ns-JESUS+BOOK, 4
RED+BLOOD, 2
MIND+BLOW-UP, 1
SHOE+HALF-LIMB, 2
DRIBBLE+SHOOT-BASKET, 1
BOY+FRIEND, 3
EAT+MORNING, 6
DCL:crvd-5"tall wide cylindrical object"+HANDLE, 2
#BUS, 4
#CO, 4
#CP, 3
RENOVATION+AGENT, 2
COOK/KITCHEN+AGENT, 4
TIME+DCL"circular object", 4
USE+AGENT, 3
BUY+AGENT, 3
SIT+DCL:crvd-B"couch shaped object", 3
COURT+HOUSE, 3
COURT+BOX/ROOM, 1
WATER+FLOW, 6
HEAR+SHUT, 2
THINK+DECIDE, 4
DRY+AREA, 4
WASHING-MACHINE+SOAP, 4
PHONE+PUSH-BUTTONS, 4
MANAGE/CONTROL+AGENT, 8
CENT+TEN, 5
EAT+BOX/ROOM, 4
DIRECT+AGENT, 4
THINK+MESSED-UP, 4
#DOG, 6
DRY+SPIN, 5
EAR+EAR-HURT, 1
#EARLY, 4
EARTH+RUMBLE, 4
#ED, 5
CENT+EIGHT, 3
ELECTRIC+AGENT, 4
OPPOSITE+AGENT, 3
CAR+ENGINE, 1
CAR+TRUNK, 1
ENGINEERING+AGENT, 4
ANY+WHERE, 8
THINK+PASS-OUT, 3
FARM+AGENT, 4
FIFTH, 17
FIVE-DOLLARS, 3
FIFTH-PLACE, 2
FIRE/BURN+PLACE, 4
FIRST, 5
FIRST-IN-LIST, 7
FIRST-PLACE, 2
ns-#FLA, 4
MIND+OFF-COURSE, 3
THINK+GRAB-CHANCE, 1
PAPER+SQUARE, 3
FORTY, 4
#FF, 6
ICL:S"handling something long and narrow", 2
GIRL+FRIEND, 6
GOOD+LUCKY, 3
GOOD+MORNING, 6
GOOD+NIGHT, 3
EAT+SELL, 3
EAT+BUY, 2
CARE+AGENT, 3
#PE, 4
#HR, 4
HALF, 7
HALF-HALF, 2
SECRET+HIDE, 5
SCL:F"small circle", 3
HORSE+RIDE-ON, 5
HUNDRED, 3
THINK+MEAN, 4
INTERPRET+AGENT, 4
#JOB, 5
COURT+AGENT, 3
ns-#KC, 4
KING+AREA, 4
COOK/KITCHEN+BOX/ROOM, 2
SCL:V"person walking up ladder", 1
PAST+NIGHT, 4
LAW+AGENT, 4
LIBRARY+AGENT, 4
LIGHT+LIGHT-ON, 3
LIGHT+LIGHT-OUT, 3
LIKE+NEG, 8
FANCY+BOX/ROOM, 3
LIVE+BOX/ROOM, 2
BREAD+DCL"rounded rectangle", 4
FACE+STRONG, 3
FACE+SAME, 5
ns-#LA, 3
EAT+NOON, 6
#MW, 1
BOY+DCL"round flat", 2
BED+CUSHION, 2
fs-MAYO+ICL"spread with knife", 1
HORSE+ICL:S"holding moving pole", 3
STORY+AGENT, 2
MOTIVATE+AGENT, 2
MILLION+AGENT, 2
MILLION_2+AGENT, 1
OLD+LESS-THAN, 3
MOTHER+LAW, 2
THINK+FOCUS/NARROW, 1
NEXT+AGENT, 1
NEW+TESTAMENT, 1
CENT+FIVE, 1
BAD+DREAM, 1
#NO, 3
HEAR+NOISE, 1
INTERESTING+ZERO, 1
#OK, 2
#OR, 2
#OFF, 2
OLD+TESTAMENT, 2
ONE-FOURTH, 4
ONE+MORE, 1
ONE-MORE, 4
ONE-THIRD, 4
ONE+THOUSAND, 2
THINK+GENERAL, 2
MUSIC+GROUP/TOGETHER, 1
PAINT+AGENT, 2
SLEEP+DRESS/CLOTHES, 1
BEAUTIFUL+DRESS/CLOTHES, 1
PAPER+CLIP, 2
MOTHER+FATHER, 4
BECOME+QUIET, 2
ICL"peeling an orange", 1
ICL"peeling skin", 1
CENT+ONE, 1
DCL"pile", 1
VOICE+TEMPERATURE/PITCH, 2
REALLY+NICE/CLEAN, 2
PLAY+AGENT, 2
PLAY+GROUND, 2
DCL"thin cylindrical object", 1
#PO, 2
PREACH+AGENT, 2
BEFORE_2+SCHOOL, 3
PRINT+AGENT, 2
PRISON+AGENT, 2
PREDICT+AGENT, 2
PSYCHIATRY+AGENT, 2
PSYCHOLOGY+AGENT, 2
CENT+TWENTY-FIVE, 2
OLD+AVERAGE, 1
GROUND+AREA, 5
SNAKE+WAG, 1
RED+fs-BERRY, 2
#REF, 2
fs-REHAB, 2
REPORT+AGENT, 1
ANSWER+AGENT, 1
WRITE+AGENT, 4
SHOW+AGENT, 3
#RR, 3
STAND-UP+ASCEND, 2
SCL:V"person rolling around", 1
ns-#SD, 2
ns-#SF, 2
SAFE+AGENT, 1
SAFE_2+AGENT, 1
SCIENCE+AGENT, 2
MOVIE+SQUARE, 2
THINK+SHOCK, 2
MUSIC+AGENT, 1
GIRL+CORRECT+LAW, 1
SCL:V"person falling in place", 1
SNOW+MOTORCYCLE, 1
#SS, 2
SOUTH+ns-AFRICA, 2
CAR+DCL:1"speedometer", 1
DCL"flat stack", 2
TURN+BROTHER, 2
TURN+SISTER, 1
TURN+FATHER, 2
TURN+MOTHER, 2
LEARN+AGENT, 3
SCL:V"person falling forward", 1
DCL"T"+VOLUNTEER/SHIRT, 1
TEACH+AGENT, 2
TECHNOLOGY+AGENT, 2
#TV, 2
THANK-YOU+SUGGEST, 2
THIRTY, 2
THREE-FOURTHS, 2
HEAR+RUMBLE, 4
NOISE+RUMBLE, 4
HEAR/LISTEN+RUMBLE, 1
NOW+DAY, 2
MONEY+TRADE, 2
TWENTY-FIVE, 1
ICL"squeezing small object", 1
TWO-MORE, 1
ns-#US, 2
VISIT+AGENT, 2
SCL:V"person walking", 1
WANT+NEG, 6
fs-WART, 1
ns-WASHINGTON+fs-DC, 1
DCL:crvd-5"tall wide cylindrical object", 2
WATER+SPRINKLER, 1
WATER+BCL"drinking from a water fountain", 1
WATER+SCL:5"waterfall", 1
DCL"can"+ICL"open can", 1
#WOW, 2
WRESTLE+AGENT, 2
BATH+fs-TUB, 4
BLACK+BERRY, 4
ns-JESUS+AGENT, 2
COP+RESEARCH, 2
LUTHERAN+AGENT, 2
SUPERVISE+AGENT, 3
BOSS+LOWERCASE/TINY, 2
WINE+POP-CORK, 1
#AC, 4
fs-LAKE, 1
WATER+DCL"round flat", 4
#BBQ, 2
DCL"long stringed hanging object", 1
RED+DCL"face", 1
DCL"rough surface", 1
SEVENTH, 2
DCL"thick strip", 1
TIME+"WHAT", 1
TREE+DCL"branch", 3
#CC, 2
fs-I+PHONE, 2
HOUSE+PAY, 1
PAY+FINISH, 2
QUADRUPLE, 2
QUINTUPLE, 2
TRIPLE, 2
THREE-MORE, 2
NINE+HOUR, 1
CUBED, 2
EIGHTY-EIGHT, 2
EIGHTY-NINE, 2
FIFTY-FIVE, 2
FORTY-FOUR, 2
NINETY-EIGHT, 1
NINETY-NINE, 1
NINETY-SEVEN, 1
SEVENTY-EIGHT, 2
SEVENTY-NINE, 2
SEVENTY-SEVEN, 2
SEVENTY-SIX, 2
SIXTY-EIGHT, 2
SIXTY-NINE, 2
SIXTY-SEVEN, 2
SIXTY-SIX, 2
SQUARED, 2
THIRTY-THREE, 2
TWENTY-THREE, 2
OLD+ONE, 1
AGE-ONE, 1
OLD+TWO, 1
AGE-TWO, 1
OLD+THREE, 1
OLD+FOUR, 1
AGE-FOUR, 1
OLD+FIVE, 1
AGE-FIVE, 1
#HA-HA, 2
OLD+#FF, 2
#OD, 2
BIRD+PECK, 2
SHH+CONFIDENTIAL, 1
THINK+FAITH, 2
fs-GRAVITY, 1
fs-ICE+ICE-SKATE, 1
LEAD+AGENT, 2
LIST+DO-DO, 2
SUPPORT+AGENT, 1
BETWEEN/SHARE+AGENT, 3
COLD+DOOR, 2
LCL:B-L"receive from heaven"+BOOK, 1
AIRPLANE+AGENT, 4
ICL"peeling with knife", 1
ICL"shaking out", 1
#TTY, 2
#DO+"WHAT", 1
FEEL+NONE/NOTHING, 2
CLASS+BOX/ROOM, 4
DINNER+BOX/ROOM, 3
EACH+ONE, 6
ANY+ONE, 5
TURN+GIRL+CORRECT, 1
CAR+DCL"long flat surface", 4
HEART+ATTACK, 6
PCL:5"coming in", 1
THIRD-IN-LIST, 2
SECOND-IN-LIST, 1
SECOND-PLACE, 1
FOURTH-PLACE, 1
THIRD-PLACE, 2
ANY+THING, 4
EVERY+THING, 5
ALWAYS+FOREVER, 1
WITH+NEG, 3
FEEL+DEFLATE, 2
FOOL/DOLL+DAY, 2
WORTH+NEG, 2
fs-JELLY+FISH, 1
HAPPY+MOST, 1
EIGHTH, 3
EIGHTH-PLACE, 1
NINTH, 4
SIXTH, 4
SECOND, 8
FOUR-DOLLARS, 4
ACT+AGENT, 5
PEOPLE+AUDIENCE, 3
RED+BLUSH, 2
DOOR+SQUARE, 2
BOY_2+CORRECT+LAW, 3
WHITE+CHALK, 2
CUTE+DCL"cane", 4
BLUE+BERRY, 4
NOT+SATISFIED, 1
FATHER+LAW, 4
CASHIER+AGENT, 2
WATER+WATER-RISE, 3
GANG+SCL:C"group go together", 3
MIDDLE+WEST, 2
GOVERNMENT+AGENT, 2
SCL:3"vehicle"+DCL:1"speedometer", 1
DCL:1"speedometer", 1
SCREEN/FILTER+WINDOW, 2
PARK+DROP-COINS, 2
PAST+YEAR, 2
FEEL+GRIEF, 1
#LAB, 2
GROW+COLLECT, 2
THINK+TALK-TO-SELF, 2
fs-MAYO, 2
FACE+NICE/CLEAN, 3
ONE+MILLION, 4
HAPPY+NEW+YEAR, 2
SERVICE+AGENT, 3
SIGN+LANGUAGE, 1
THIRD, 5
WHITE+FACE, 5
WHEEL+CART, 1
DO-DO+HAPPEN, 1
#CLUB, 2
GOOD+ENOUGH, 2
WATER+RIVER, 2
